<?xml version="1.0"?>
<!DOCTYPE hibernate-mapping PUBLIC "-//Hibernate/Hibernate Mapping DTD 3.0//EN"
"http://hibernate.sourceforge.net/hibernate-mapping-3.0.dtd">
<!-- Generated Jun 29, 2016 8:56:09 AM by Hibernate Tools 3.5.0.Final -->
<hibernate-mapping>
    <class name="uet.jcia.shop.is.entities.Address" table="ADDRESS">
    <id name="addressId" type="java.lang.Integer">
            <column name="ADDRESS_ID" />
            <generator class="increment" />
        </id>
        <property name="firstName" type="java.lang.String">
            <column name="FIRSTNAME" length="45" />
        </property>
        <property name="lastName" type="java.lang.String">
            <column name="LASTNAME" not-null="true" />
        </property>
        <property name="address" type="java.lang.String">
            <column name="ADDRESS" length="45" />
        </property>
        
        <join table="Customer_To_Address" inverse="true">
            <key column="address_id" unique="true"/>
            <many-to-one name="customer" column="customer_id" not-null="true"/>
        </join>
    </class>
</hibernate-mapping>
